codigo;sistema;componente
2000;AR CONDICIONADO;COMPRESSOR (A/C)
2001;AR CONDICIONADO;POLIA COMPRESSOR (A/C)
2002;AR CONDICIONADO;TENSOR (A/C)
2003;AR CONDICIONADO;CONDENSADOR (A/C)
2004;AR CONDICIONADO;MOTOR DO VENTILADOR (A/C)
2005;AR CONDICIONADO;CAIXA EVAPORADORA (A/C)
2006;AR CONDICIONADO;CORREIA (A/C)
2007;AR CONDICIONADO;FILTRO DE AR (A/C)
2008;AR CONDICIONADO;FILTRO SECADOR (A/C)
2009;AR CONDICIONADO;FIXAÇÃO (A/C)
2010;AR CONDICIONADO;CHICOTE (A/C)
2011;AR CONDICIONADO;MANGUEIRAS (A/C)
2012;AR CONDICIONADO;TUBULAÇÕES (A/C)
2013;AR CONDICIONADO;CONEXÃO (A/C)
2014;AR CONDICIONADO;VÁLVULA EXPANSÃO (A/C)
2015;AR CONDICIONADO;PRESSOSTATO (A/C)
2016;AR CONDICIONADO;RESISTOR/DIODO (A/C)
2017;AR CONDICIONADO;TERMOSTATO (A/C)
2018;AR CONDICIONADO;BOTÃO (A/C)
2019;AR CONDICIONADO;GÁS (A/C)
2020;AR CONDICIONADO;VEDAÇÃO (A/C)
12028;AR CONDICIONADO;LIMPEZA CAIXA EVAPORADORA (A/C)
12010;ARREFECIMENTO;MANGUEIRA (TROCADOR DE CALOR)
12026;ARREFECIMENTO;MANGUEIRA (RADIADOR/EXPANSÃO)
12079;ARREFECIMENTO;RADIADOR
12080;ARREFECIMENTO;MANGUEIRAS (AR)
12081;ARREFECIMENTO;VEDAÇOES (AR)
12082;ARREFECIMENTO;TUBOS (AR)
12083;ARREFECIMENTO;BOMBAS (AR)
12084;ARREFECIMENTO;MOTORES (AR)
12085;ARREFECIMENTO;VALVULAS (AR)
12086;ARREFECIMENTO;TROCADOR DE CALOR
12087;ARREFECIMENTO;CUBO DE HÉLICE
12088;ARREFECIMENTO;COMPLEMENTO (AR)
12089;ARREFECIMENTO;CONEXÕES (AR)
11000;COMBATE INCÊNDIO;MANGUEIRA - (COMBATE INCÊNDIO)
11001;COMBATE INCÊNDIO;CONEXÃO - (COMBATE INCÊNDIO)
11002;COMBATE INCÊNDIO;VEDAÇÃO - (COMBATE INCÊNDIO)
11003;COMBATE INCÊNDIO;FIXAÇÃO - (COMBATE INCÊNDIO)
11004;COMBATE INCÊNDIO;VÁLVULA RETENÇÃO - (COMBATE INCÊNDIO)
11005;COMBATE INCÊNDIO;LACRE
11006;COMBATE INCÊNDIO;ACIONADOR MANUAL
11007;COMBATE INCÊNDIO;CABO/FIAÇÃO - (COMBATE INCÊNDIO)
11008;COMBATE INCÊNDIO;INICIADOR AUTOMÁTICO
11009;COMBATE INCÊNDIO;ATUADOR ESCRAVO
11010;COMBATE INCÊNDIO;PAINEL - (COMBATE INCÊNDIO)
11011;COMBATE INCÊNDIO;CILINDRO PÓ
11012;COMBATE INCÊNDIO;TUBO - (COMBATE INCÊNDIO)
11013;COMBATE INCÊNDIO;BICO DIFUSOR
11014;COMBATE INCÊNDIO;SENSOR - (COMBATE INCÊNDIO)
11015;COMBATE INCÊNDIO;CABO LINEAR
11016;COMBATE INCÊNDIO;ABRAÇADEIRA - (COMBATE INCÊNDIO)
11017;COMBATE INCÊNDIO;AMPOLA DE ATIVAÇÃO
11018;COMBATE INCÊNDIO;AMPOLA DE PRESSURIZAÇÃO
11019;COMBATE INCÊNDIO;AGENTE SUPRESSOR LÍQUIDO
11020;COMBATE INCÊNDIO;MÓDULO DAFO
11021;COMBATE INCÊNDIO;BATERIA
12015;COMPLEMENTO (AR);LÍQUIDO DE ARREFECIMENTO
12051;COMPLEMENTO (OD);COMPLEMENTO ÓLEO DA DIREÇÃO
12013;COMPLEMENTO (OH);ÓLEO HIDRAULICO
12012;COMPLEMENTO (OM);ÓLEO DO MOTOR
12011;COMPLEMENTO (OT);ÓLEO DA TRANSMISSÃO
12049;COMPLEMENTO (RE);ÓLEO (RETARDER)
12032;COMPLEMENTO (RL);GRAXA (COMPLETADO)
9000;COMUNICAÇÃO;RÁDIO COMUNICAÇÃO
9001;COMUNICAÇÃO;PTT (RÁDIO COMUNICAÇÃO)
9002;COMUNICAÇÃO;FONTE (RÁDIO COMUNICAÇÃO)
9003;COMUNICAÇÃO;CONECTOR (RÁDIO COMUNICAÇÃO)
9004;COMUNICAÇÃO;CHICOTE (RÁDIO COMUNICAÇÃO)
9005;COMUNICAÇÃO;SUPORTE (RÁDIO COMUNICAÇÃO)
9006;COMUNICAÇÃO;FUSÍVEL (RÁDIO COMUNICAÇÃO)
9007;COMUNICAÇÃO;ANTENA (RÁDIO COMUNICAÇÃO)
4000;DIREÇÃO;BOMBA PRINCIPAL (DIREÇÃO)
4001;DIREÇÃO;BOMBA AUXILIAR (DIREÇÃO)
4002;DIREÇÃO;SETOR (DIREÇÃO)
4003;DIREÇÃO;CILINDRO (DIREÇÃO)
4004;DIREÇÃO;COLUNA (DIREÇÃO)
4005;DIREÇÃO;BARRA (DIREÇÃO)
4006;DIREÇÃO;BRAÇO (DIREÇÃO)
4007;DIREÇÃO;RESERVATÓRIO (DIREÇÃO)
4008;DIREÇÃO;VÁLVULA (DIREÇÃO)
4009;DIREÇÃO;FILTRO (DIREÇÃO)
4010;DIREÇÃO;MANGUEIRAS (DIREÇÃO)
4011;DIREÇÃO;TUBULAÇÕES (DIREÇÃO)
4012;DIREÇÃO;CHICOTE (DIREÇÃO)
4013;DIREÇÃO;ABRAÇADEIRAS (DIREÇÃO)
4014;DIREÇÃO;VEDAÇÕES (DIREÇÃO)
4015;DIREÇÃO;MANGA DE EIXO (DIREÇÃO)
4016;DIREÇÃO;BATENTE (DIREÇÃO)
4017;DIREÇÃO;TERMINAL (DIREÇÃO)
4018;DIREÇÃO;BRAÇO (DIREÇÃO)
4019;DIREÇÃO;FIXAÇÃO (DIREÇÃO)
4020;DIREÇÃO;VOLANTE
12039;DRENO (AR);DRENAGEM DE ELC
12040;DRENO (DF);DRENAGEM DE ÓLEO DO DIFERENCIAL
12041;DRENO (HI);DRENAGEM DE ÓLEO DO HIDRAULICO
12037;DRENO (MT);DRENAGEM DE ÓLEO DO MOTOR
12038;DRENO (TR);DRENAGEM DE ÓLEO DA TRANSMISSÃO
12102;ELÉTRICO;BATERIAS
12103;ELÉTRICO;MOTORES DE PARTIDA
12104;ELÉTRICO;ALTERNADOR
12105;ELÉTRICO;CARREGADOR DE BATERIAS
12106;ELÉTRICO;CABOS/CHICOTE
6000;ELÉTRICO;BATERIA
6001;ELÉTRICO;ALTERNADOR
6002;ELÉTRICO;MOTOR PARTIDA
6003;ELÉTRICO;CORREIA (ALTERNADOR)
6004;ELÉTRICO;TENSOR
6005;ELÉTRICO;CHAVE GERAL
6006;ELÉTRICO;PORTA FUSÍVEL
6007;ELÉTRICO;FUSÍVEL
6008;ELÉTRICO;CONECTOR (ELÉTRICO)
6009;ELÉTRICO;CHICOTE (ELÉTRICO)
6010;ELÉTRICO;BOTÃO (VIDRO)
6011;ELÉTRICO;REGULADOR DE TENSÃO
6012;ELÉTRICO;RELÉ
6013;ELÉTRICO;CHAVE PARTIDA
6014;ELÉTRICO;CHICOTE PRINCIPAL
6015;ELÉTRICO;FIXAÇÃO (ELÉTRICO)
6016;ELÉTRICO;ISOLAMENTO (ELÉTRICO)
6017;ELÉTRICO;INTERRUPTORES (ELÉTRICO)
6018;ELÉTRICO;SENSOR (ELÉTRICO)
6019;ELÉTRICO;TERMINAL (ELÉTRICO)
6020;ELÉTRICO;FAROL AUXILIAR DE RÉ
6021;ELÉTRICO;ALARME DE RÉ
6022;ELÉTRICO;CHAVE DO FAROL
6023;ELÉTRICO;LÂMPADA (FAROL)
6024;ELÉTRICO;LANTERNA
6025;ELÉTRICO;SENSOR DE NÍVEL
6026;ELÉTRICO;SENSOR DE PRESSÃO
6027;ELÉTRICO;SENSOR DE TEMPERATURA
6028;ELÉTRICO;SUPORTE (ALTERNADOR)
12019;ELÉTRICO;CÂMERA DE RÉ
12022;ELÉTRICO;SENSOR (TRANSMISSÃO)
12024;ELÉTRICO;ENXERTO DE BATERIAS
12025;ELÉTRICO;LÂMPADA (SETA)
5000;ESTRUTURAL;ALGEMA (SUSPENSÃO)
5001;ESTRUTURAL;AMORTECEDOR (CABINE)
5002;ESTRUTURAL;AMORTECEDOR (SUSPENSÃO)
5003;ESTRUTURAL;BANCO DO CARONA
5004;ESTRUTURAL;BANCO DO OPERADOR
5005;ESTRUTURAL;BARRA ESTABILIZADORA (SUSPENSÃO)
5006;ESTRUTURAL;BARRA TENSORA (SUSPENSÃO)
5007;ESTRUTURAL;BASE DO FEIXE DE MOLAS (SUSPENSÃO)
5008;ESTRUTURAL;BATENTE (SUSPENSÃO)
5009;ESTRUTURAL;BERÇO/QUADRO (IMPLEMENTO)
5010;ESTRUTURAL;BOMBA (LIMPADOR PARABRISA)
5011;ESTRUTURAL;BUCHAS (SUSPENSÃO)
5012;ESTRUTURAL;BUZINA (CABINE)
5013;ESTRUTURAL;CARROCERIA
5014;ESTRUTURAL;CHASSI (VIGAS)
5015;ESTRUTURAL;CHAVE BLOQUEIO
5016;ESTRUTURAL;CHAVE DE SETA
5017;ESTRUTURAL;CINTO DE SEGURANÇA
5018;ESTRUTURAL;CORRENTE (BÁSCULA)
5019;ESTRUTURAL;EIXO TANDEM (SUSPENSÃO)
5020;ESTRUTURAL;ELASTÔMETRO (SOBRE CHASSI)
5021;ESTRUTURAL;ESCADA
5022;ESTRUTURAL;FACÃO (BÁSCULA)
5023;ESTRUTURAL;FAROL (CABINE)
5024;ESTRUTURAL;FEIXE DE MOLAS (SUSPENSÃO)
5025;ESTRUTURAL;FORRO (PORTA)
5026;ESTRUTURAL;GRADE FRONTAL (CABINE)
5027;ESTRUTURAL;GRAMPO (BÁSCULA)
5028;ESTRUTURAL;GRAMPO (FEIXE DE MOLA)
5029;ESTRUTURAL;GUARDA CORPO (CARROCERIA)
5030;ESTRUTURAL;HASTE DE SEGURANÇA (BÁSCULA)
5031;ESTRUTURAL;ILUMINAÇÃO (CABINE)
5032;ESTRUTURAL;JUMELO (SUSPENSÃO)
5033;ESTRUTURAL;LIMPADOR DE PARABRISA
5034;ESTRUTURAL;MAÇANETA (PORTA)
5035;ESTRUTURAL;MANCAL/BASE DO CILINDRO (ELEVAÇÃO)
5036;ESTRUTURAL;MÁQUINA DE VIDRO
5037;ESTRUTURAL;MÁQUINA DE VIDRO (CABINE)
5038;ESTRUTURAL;MARCADORES (PAINEL)
5039;ESTRUTURAL;MOTOR (LIMPADOR PARABRISA)
5040;ESTRUTURAL;PAINEL (CABINE)
5041;ESTRUTURAL;PALHETA
5042;ESTRUTURAL;PARA-BARRO
5043;ESTRUTURAL;PARABRISA
5044;ESTRUTURAL;PARA-CHOQUE
5045;ESTRUTURAL;PARAFUSO (JUMELO)
5046;ESTRUTURAL;PARAFUSOS
5047;ESTRUTURAL;PARALAMA
5048;ESTRUTURAL;PEITO DE AÇO (MOTOR)
5049;ESTRUTURAL;PINO (CILINDRO DE ELEVAÇÃO)
5050;ESTRUTURAL;PORTA (CABINE)
5051;ESTRUTURAL;PROTETOR DE CICLISTA
5052;ESTRUTURAL;RESERVATÓRIO ÁGUA (PARABRISA)
5053;ESTRUTURAL;RETROVISOR
5054;ESTRUTURAL;SOBRE CHASSI
5055;ESTRUTURAL;SUPORTE (CAIXA DE BATERIA)
5056;ESTRUTURAL;SUPORTE (CATALIZADOR)
5057;ESTRUTURAL;SUPORTE (PARA-BARRO)
5058;ESTRUTURAL;SUPORTE (SUSPENSÃO)
5059;ESTRUTURAL;SUPORTE (TANQUE DE ARLA)
5060;ESTRUTURAL;SUPORTE (TANQUE DE COMBUSTÍVEL)
5061;ESTRUTURAL;SUPORTE (TANQUE HIDRÁULICO)
5062;ESTRUTURAL;SUPORTE (LANTERNA)
5063;ESTRUTURAL;SUPORTE DE CONE
5064;ESTRUTURAL;TALA (SOBRE CHASSI)
5065;ESTRUTURAL;TAMBOR DE IGNIÇÃO (CABINE)
5066;ESTRUTURAL;TAMPA (BÁSCULA)
5067;ESTRUTURAL;TAMPA (BATERIA)
5068;ESTRUTURAL;TAMPA DA BALANÇA (TANDEM)
5069;ESTRUTURAL;TRANCA (PORTA)
5070;ESTRUTURAL;TRAVESSA
5071;ESTRUTURAL;TRINCO
5072;ESTRUTURAL;VEDAÇÃO (CABINE)
5073;ESTRUTURAL;VIDRO
5074;ESTRUTURAL;CILINDRO (SUSPENSÃO)
12023;ESTRUTURAL;SUPORTE (TRANSMISSÃO)
12024;ESTRUTURAL;MESA DE GIRO
12025;ESTRUTURAL;BARRA DO RIPPER
12026;ESTRUTURAL;BARRA EQUALIZADORA
12027;ESTRUTURAL;BARRA ESTABILIZADORA
12028;ESTRUTURAL;ESCARIFICADOR
12029;ESTRUTURAL;RIPPER
12029;ESTRUTURAL;PROTEÇÃO DO CÁRTER
12030;ESTRUTURAL;LÂMINA
12031;ESTRUTURAL;MASTRO
12032;ESTRUTURAL;POSICIONADOR HASTE
12033;ESTRUTURAL;CHAVE HOBO
12034;ESTRUTURAL;CARROSSEL
12035;ESTRUTURAL;CABEÇOTE ROTATIVO
12036;ESTRUTURAL;CHAVE U
12037;ESTRUTURAL;CHAVE ESTRELA
12038;ESTRUTURAL;CAVALETE
12039;ESTRUTURAL;MANCAL
12040;ESTRUTURAL;BARRA ESTABILIZADORA
12041;ESTRUTURAL;ROTULA
12042;ESTRUTURAL;CHASSI
12042;ESTRUTURAL;MANGUEIRA DO GATILHO
12043;ESTRUTURAL;EIXO CARDAN
12044;ESTRUTURAL;CAÇAMBA
12044;ESTRUTURAL;TANQUE (COMBUSTIVEL)
12045;ESTRUTURAL;MANDIBULA
12046;ESTRUTURAL;H
12047;ESTRUTURAL;BRAÇO/SEMI BRAÇO
12048;ESTRUTURAL;CABINE
12049;ESTRUTURAL;BANCO
12050;ESTRUTURAL;CONTROLES DO OPERADOR
12051;ESTRUTURAL;ARTICULAÇÃO CENTRAL
12052;ESTRUTURAL;PINO E BUCHA
12053;ESTRUTURAL;LINK/OSSO DE CACHORRO
12054;ESTRUTURAL;TANQUE
12055;ESTRUTURAL;LATARIA
12056;ESTRUTURAL;ESCADA
12057;ESTRUTURAL;CORRIMAO
12058;ESTRUTURAL;RETROVISOR
12059;ESTRUTURAL;PARA-LAMAS
12060;ESTRUTURAL;RODA/PNEU
12061;ESTRUTURAL;AJUDANTE FIXO
12062;ESTRUTURAL;CAMBÃO
3000;FREIO;ABRAÇADEIRA (RETARDER)
3001;FREIO;BUCHAS (FREIO)
3002;FREIO;CATRACA (FREIO)
3003;FREIO;CHICOTE (SENSOR DE ABS)
3004;FREIO;CONEXÃO (FREIO)
3005;FREIO;COXIM DO TUBO (RETARDER)
3006;FREIO;CUÍCA DE FREIO
3007;FREIO;EIXO S
3008;FREIO;ENGATE/ESPIGÃO AR
3009;FREIO;ESPELHO DA RODA
3010;FREIO;FILTRO (APS)
3011;FREIO;FILTRO (RETARDER)
3012;FREIO;FILTRO (APU)
3013;FREIO;FIXAÇÃO SUPORTE
3014;FREIO;FREIO DE SERVIÇO
3015;FREIO;FREIO DE ESTACIONAMENTO
3016;FREIO;HASTE (CUÍCA)
3017;FREIO;LINHAS (FREIO SERVIÇO)
3018;FREIO;LONA (FREIO)
3019;FREIO;MANETE (FREIO)
3020;FREIO;MANETE (RETARDER)
3021;FREIO;MANGUEIRA (PNEUMÁTICA)
3022;FREIO;MANGUEIRA (RETARDER)
3023;FREIO;MEMBRANA (RETARDER)
3024;FREIO;MÓDULO FR
3025;FREIO;MOLAS (FREIO SERVIÇO)
3026;FREIO;PEDAL (FREIO)
3027;FREIO;PONTA (RETARDER)
3028;FREIO;RESERVATÓRIO DE AR
3029;FREIO;RETARDER
3030;FREIO;ROLETE (SAPATA DE FREIO)
3031;FREIO;SAPATA (FREIO)
3032;FREIO;SENSOR ABS
3033;FREIO;SOLENOIDE (FREIO)
3034;FREIO;SUPORTE (CUÍCA DE FREIO)
3035;FREIO;SUPORTE (SAPATA DE FREIO)
3036;FREIO;SWITCH (FREIO)
3037;FREIO;TAMBOR DE FREIO
3038;FREIO;TROCADOR DE CALOR (RETARDER)
3039;FREIO;VÁLVULA (FREIO MOTOR)
3040;FREIO;VÁLVULA (APS)
3041;FREIO;VÁLVULA DRENO (RESERVATÓRIO DE AR)
3042;FREIO;VÁLVULA PROPORCIONAL (RETARDER)
3043;FREIO;VARETA NÍVEL (RETARDER)
3044;FREIO;VEDAÇÃO (RETARDER)
12031;FREIO;REGULAGEM DE FREIO
12036;FREIO;CILINDRO ACIONAMENTO (FREIO MOTOR)
12047;FREIO;TUBO (COMPRESSOR DE AR)
12090;HIDRÁULICO;MANGUEIRAS (HI)
12091;HIDRÁULICO;VEDAÇOES (HI)
12092;HIDRÁULICO;TUBOS (HI)
12093;HIDRÁULICO;CILINDROS (HI)
12094;HIDRÁULICO;BOMBAS (HI)
12095;HIDRÁULICO;MOTORES (HI)
12096;HIDRÁULICO;VALVULAS (HI)
12097;HIDRÁULICO;ACUMULADORES (HI)
12098;HIDRÁULICO;FILTROS (HI)
12099;HIDRÁULICO;COMPLEMENTO (HI)
12100;HIDRÁULICO;CONEXÕES (HI)
12101;HIDRÁULICO;TRANSFERIDOR (HI)
7000;IMPLEMENTO;ABRAÇADEIRA (ELEVAÇÃO)
7001;IMPLEMENTO;ALARME SONORO (ELEVAÇÃO)
7002;IMPLEMENTO;ARGOLA
7003;IMPLEMENTO;ASPERSOR
7004;IMPLEMENTO;BARRA IRRIGADORA
7005;IMPLEMENTO;BÁSCULA
7006;IMPLEMENTO;BAU
7007;IMPLEMENTO;BOMBA (HIDRÁULICA)
7008;IMPLEMENTO;BOMBA D'ÁGUA
7009;IMPLEMENTO;BOMBA DE COMBUSTÍVEL (COMBOIO)
7010;IMPLEMENTO;BOMBA (ELÉTRICA)
7011;IMPLEMENTO;BRAÇO (MUNCK)
7012;IMPLEMENTO;BUCHA (CILINDRO)
7013;IMPLEMENTO;BUJÃO (IMPLEMENTO)
7014;IMPLEMENTO;CABO DE AÇO (IMPLEMENTO)
7015;IMPLEMENTO;CANHÃO (PIPA)
7016;IMPLEMENTO;CARDANZINHO
7017;IMPLEMENTO;CARRETEL
7018;IMPLEMENTO;CARRINHO (BROOK)
7019;IMPLEMENTO;CARROCERIA
7020;IMPLEMENTO;CHAPEU DA BÁSCULA
7021;IMPLEMENTO;CILINDRO (BÁSCULA)
7022;IMPLEMENTO;CILINDRO (PRANCHA)
7023;IMPLEMENTO;CILINDRO (PATOLA)
7024;IMPLEMENTO;CILINDRO (PLATAFORMA)
7025;IMPLEMENTO;CILINDRO (MUNCK)
7026;IMPLEMENTO;CILINDRO (BROOK)
7027;IMPLEMENTO;COMANDO (ELÉTRICO)
7028;IMPLEMENTO;COMANDO (HIDRÁULICO)
7029;IMPLEMENTO;COMPRESSOR DE AR
7030;IMPLEMENTO;CONEXÃO (HIDRÁULICA)
7031;IMPLEMENTO;CONEXÃO (PNEUMÁTICA)
7032;IMPLEMENTO;CONTROLE REMOTO
7033;IMPLEMENTO;CORREIA (COMPRESSOR DE AR)
7034;IMPLEMENTO;CORRENTE (BROOK)
7035;IMPLEMENTO;CORRIMÃO
7036;IMPLEMENTO;DESLIZANTE
7037;IMPLEMENTO;ESCADA (IMPLEMENTO)
7038;IMPLEMENTO;FECHADURAS (CABINE AUXILIAR)
7039;IMPLEMENTO;FILTRO DE SUCÇÃO
7040;IMPLEMENTO;FIXAÇÃO (HIDRÁULICA)
7041;IMPLEMENTO;FIXAÇÃO (PNEUMÁTICA)
7042;IMPLEMENTO;GANCHO
7043;IMPLEMENTO;GATILHOS
7044;IMPLEMENTO;GRAMPO DA CORRENTE
7045;IMPLEMENTO;GRUPO DE VÁLVULAS
7046;IMPLEMENTO;HORÍMETRO
7047;IMPLEMENTO;ILUMINAÇÃO AUXILIAR
7048;IMPLEMENTO;INCLINÔMETRO
7049;IMPLEMENTO;JANELA
7050;IMPLEMENTO;LAMEIRO
7051;IMPLEMENTO;LANÇA
7052;IMPLEMENTO;LAVA VIAS
7053;IMPLEMENTO;MANGUEIRAS (ELEVAÇÃO)
7054;IMPLEMENTO;MANETE (ELEVAÇÃO)
7055;IMPLEMENTO;MANETE (IMPLEMENTO)
7056;IMPLEMENTO;MANGOTINHO
7057;IMPLEMENTO;MANGUEIRAS (HIDRÁULICA)
7058;IMPLEMENTO;MANGUEIRAS (PNEUMÁTICO)
7059;IMPLEMENTO;MANÔMETRO
7060;IMPLEMENTO;MESA DESLIZANTE (PRANCHA)
7061;IMPLEMENTO;MOTOR (ELÉTRICO)
7062;IMPLEMENTO;MOTOR (HIDRÁULICO)
7063;IMPLEMENTO;PARAFUSOS (CARDAN)
7064;IMPLEMENTO;PATOLAS
7065;IMPLEMENTO;PINO REI (PRANCHA)
7066;IMPLEMENTO;PLATAFORMA
7067;IMPLEMENTO;PORTA DO BAÚ
7068;IMPLEMENTO;QUINTA RODA (PRANCHA)
7069;IMPLEMENTO;RAMPAS
7070;IMPLEMENTO;REDUTOR
7071;IMPLEMENTO;REGISTRADORA
7072;IMPLEMENTO;REGISTRO
7073;IMPLEMENTO;RESERVATÓRIO (HIDRÁULICO)
7074;IMPLEMENTO;RESPIRO
7075;IMPLEMENTO;REVESTIMENTO
7076;IMPLEMENTO;ROTOR (BOMBA D'AGUA)
7077;IMPLEMENTO;SAPATA (PATOLA)
7078;IMPLEMENTO;SELO MECÂNICO
7079;IMPLEMENTO;SOBRE CHASSI
7080;IMPLEMENTO;SUPORTE (MOTOR ELÉTRICO)
7081;IMPLEMENTO;SWITCH (ELEVAÇÃO)
7082;IMPLEMENTO;TAMPA (CARROCERIA)
7083;IMPLEMENTO;TANQUE
7084;IMPLEMENTO;TANQUE (HIDRÁULICO)
7085;IMPLEMENTO;TOMADA DE FORÇA
7086;IMPLEMENTO;TORRE DE ILUMINAÇÃO
7087;IMPLEMENTO;TORRE DE SUSTENTAÇÃO
7088;IMPLEMENTO;TRAVA DA TAMPA (CARROCERIA)
7089;IMPLEMENTO;TUBULAÇÕES
7090;IMPLEMENTO;VÁLVULA (HIDRÁULICA)
7091;IMPLEMENTO;VÁLVULA (PNEUMÁTICA)
7092;IMPLEMENTO;TOMADA DE FORÇA
12014;IMPLEMENTO;EXTRATOR DE PEDRAS
12035;IMPLEMENTO;VÁLVULA (ELEVAÇÃO DA BÁSCULA)
8000;LOCOMOÇÃO;RODA
8001;LOCOMOÇÃO;ARO (RODA)
8002;LOCOMOÇÃO;BICO DE PNEU
8003;LOCOMOÇÃO;CÂMARA DE AR
8004;LOCOMOÇÃO;CUBO (RODA)
8005;LOCOMOÇÃO;ESTOJO (RODA)
8006;LOCOMOÇÃO;FIXAÇÃO (CUBO)
8007;LOCOMOÇÃO;PNEU
8008;LOCOMOÇÃO;PORCA (RODA)
8009;LOCOMOÇÃO;PROTETOR (PNEU)
8010;LOCOMOÇÃO;ROLAMENTO (RODA)
8011;LOCOMOÇÃO;TRAVA DA RODA
12021;LOCOMOÇÃO;REAPERTO DE RODA
12033;LOCOMOÇÃO;CAMPANA
12000;LUBRIFICAÇÃO;BOMBA DE GRAXA
12001;LUBRIFICAÇÃO;BLOCO DE DISTRIBUIÇÃO
12002;LUBRIFICAÇÃO;CHICOTE (LUBRIFICAÇÃO)
12003;LUBRIFICAÇÃO;CONEXÃO (LUBRIFICAÇÃO)
12004;LUBRIFICAÇÃO;FIXAÇÃO (LUBRIFICAÇÃO)
12005;LUBRIFICAÇÃO;MANGUEIRAS
12006;LUBRIFICAÇÃO;PINO (LUBRIFICAÇÃO)
12007;LUBRIFICAÇÃO;PROPULSORA (LUBRIFICAÇÃO)
12008;LUBRIFICAÇÃO;RESERVATÓRIO (LUBRIFICAÇÃO)
12009;LUBRIFICAÇÃO;TEMPORIZADOR (LUBRIFICAÇÃO)
12016;MOTOR;FLAUTA COMMON RAIL
12010;MOTOR DIESEL;MOTOR BASICO
12011;MOTOR DIESEL;LUBRIFICACAO
12012;MOTOR DIESEL;ADMISSAO E EXAUSTAO
12013;MOTOR DIESEL;SISTEMA DE COMBUSTIVEL
12014;MOTOR DIESEL;COMPLEMENTO (MD)
12015;MOTOR DIESEL;CONEXÕES (MD)
12016;MOTOR DIESEL;MANGUEIRAS (MD)
12017;MOTOR DIESEL;TUBOS (MD)
12018;MOTOR DIESEL;FILTROS DE AR
12019;MOTOR DIESEL;FILTRO DIESEL
12020;MOTOR DIESEL;FILTRO (MD)
12021;MOTOR DIESEL;BOMBAS (MD)
12022;MOTOR DIESEL;TURBINA
12023;MOTOR DIESEL;INJETOR (MD)
10000;OPERACIONAL;ACIDENTE OPERACIONAL
10001;OPERACIONAL;FALHA DO OPERADOR
12030;OPERACIONAL;AGUARDANDO DESLOCAMENTO
12050;REPARO EXTERNO;REPARO EXTERNO
12063;TREM DE FORÇA;CONVERSOR DE TORQUE
12064;TREM DE FORÇA;TRANSMISSAO
12065;TREM DE FORÇA;DIFERENCIAL
12066;TREM DE FORÇA;COMANDO FINAL
12067;TREM DE FORÇA;BOMBAS (TF)
12068;TREM DE FORÇA;MANGUEIRAS (TF)
12069;TREM DE FORÇA;VEDAÇOES (TF)
12070;TREM DE FORÇA;TUBOS (TF)
12071;TREM DE FORÇA;FILTROS (TF)
12072;TREM DE FORÇA;REDUTORES
12073;TREM DE FORÇA;PTO
12074;TREM DE FORÇA;ACOPLAMENTO (TF)
12075;TREM DE FORÇA;COMPRESSOR AR
12076;TREM DE FORÇA;CAIXA DE TRANSFERENCIA
12077;TREM DE FORÇA;COMPLEMENTO (TF)
12078;TREM DE FORÇA;CONEXÕES (TF)
1000;TREM DE FORÇA;MOTOR DIESEL
1001;TREM DE FORÇA;ABRAÇADEIRA (MOTOR)
1002;TREM DE FORÇA;ABRAÇADEIRA (TANQUE DE ARLA)
1003;TREM DE FORÇA;ACOPLAMENTO (HÉLICE DO MOTOR)
1004;TREM DE FORÇA;BICO INJETOR (ARLA)
1005;TREM DE FORÇA;BICO INJETOR (MOTOR)
1006;TREM DE FORÇA;BLOCO DA TERMOSTÁTICA
1007;TREM DE FORÇA;BLOCO DO MOTOR
1008;TREM DE FORÇA;BOCAL (MOTOR)
1009;TREM DE FORÇA;BOIA DE NÍVEL (ARLA)
1010;TREM DE FORÇA;BOMBA (ARLA)
1011;TREM DE FORÇA;BOMBA DE ÓLEO (MOTOR)
1012;TREM DE FORÇA;BOMBA D'ÁGUA (MOTOR)
1013;TREM DE FORÇA;BOMBA DE ALTA (COMBUSTÍVEL)
1014;TREM DE FORÇA;BOMBA DE BAIXA (COMBUSTÍVEL)
1015;TREM DE FORÇA;BOMBA ESCORVA (COMBUSTÍVEL)
1016;TREM DE FORÇA;BUJÃO (MOTOR)
1017;TREM DE FORÇA;CABEÇOTE (MOTOR)
1018;TREM DE FORÇA;CABEÇOTE DO FILTRO (MOTOR)
1019;TREM DE FORÇA;CAPA SECA
1020;TREM DE FORÇA;CÁRTER (MOTOR)
1021;TREM DE FORÇA;CATALIZADOR
1022;TREM DE FORÇA;CHICOTE (ARLA)
1023;TREM DE FORÇA;CHICOTE (MOTOR)
1024;TREM DE FORÇA;COLETOR
1025;TREM DE FORÇA;COMPRESSOR DE AR (MOTOR)
1026;TREM DE FORÇA;CONECTOR (ARLA)
1027;TREM DE FORÇA;CORREIA (MOTOR)
1028;TREM DE FORÇA;COXIM (MOTOR)
1029;TREM DE FORÇA;DEFLETOR
1030;TREM DE FORÇA;DOSADOR (ARLA)
1031;TREM DE FORÇA;EMBREAGEM VISCOSA
1032;TREM DE FORÇA;FILTRO (COMBUSTÍVEL)
1033;TREM DE FORÇA;FILTRO DE ÓLEO (MOTOR)
1034;TREM DE FORÇA;FILTRO AR (MOTOR)
1035;TREM DE FORÇA;FILTRO (ARLA)
1036;TREM DE FORÇA;FILTRO CENTRIFUGO
1037;TREM DE FORÇA;FILTRO RACCOR (COMBUSTÍVEL)
1038;TREM DE FORÇA;FIXAÇÃO (MOTOR)
1039;TREM DE FORÇA;FIXAÇÃO (ARREFECIMENTO)
1040;TREM DE FORÇA;FIXAÇÃO (LINHAS DE COMBUSTÍVEL)
1041;TREM DE FORÇA;FREIO MOTOR
1042;TREM DE FORÇA;HÉLICE (MOTOR)
1043;TREM DE FORÇA;INTERCOOLER
1044;TREM DE FORÇA;MANGUEIRA (ARLA)
1045;TREM DE FORÇA;MANGUEIRA INTERCOOLER
1046;TREM DE FORÇA;MANGUEIRAS (MOTOR)
1047;TREM DE FORÇA;MÓDULO ECM (MOTOR)
1048;TREM DE FORÇA;MÓDULO MR
1049;TREM DE FORÇA;MÓDULO PSM
1050;TREM DE FORÇA;POLIA (MOTOR)
1051;TREM DE FORÇA;QUADRO ESCALONADO (MOTOR)
1052;TREM DE FORÇA;QUILL TUBE
1053;TREM DE FORÇA;RADIADOR
1054;TREM DE FORÇA;REGISTRO DE DRENO
1055;TREM DE FORÇA;SENSOR (MOTOR)
1056;TREM DE FORÇA;SUPORTE (MOTOR)
1057;TREM DE FORÇA;TAMPA (FILTRO MOTOR)
1058;TREM DE FORÇA;TAMPA (TANQUE DE EXPANSÃO)
1059;TREM DE FORÇA;TAMPA DO BOCAL (MOTOR)
1060;TREM DE FORÇA;TAMPA DO TANQUE (ARLA)
1061;TREM DE FORÇA;TAMPA DO TANQUE (COMBUSTÍVEL)
1062;TREM DE FORÇA;TANQUE EXPANSÃO
1063;TREM DE FORÇA;TELA PESCADOR
1064;TREM DE FORÇA;TELA RADIADOR
1065;TREM DE FORÇA;TUBULAÇÃO (MOTOR)
1066;TREM DE FORÇA;TURBINA
1067;TREM DE FORÇA;VÁLVULA (MOTOR)
1068;TREM DE FORÇA;VÁLVULA DE RETENÇÃO (ARLA)
1069;TREM DE FORÇA;VÁLVULA DOSADORA (ARLA)
1070;TREM DE FORÇA;VÁLVULA TERMOSTÁTICA
1071;TREM DE FORÇA;VARETA DE NÍVEL (MOTOR)
1072;TREM DE FORÇA;TRANSMISSÃO
1073;TREM DE FORÇA;ATUADOR DA EMBREAGEM (ECA)
1074;TREM DE FORÇA;ATUADORES DE MARCHAS
1075;TREM DE FORÇA;BOMBA (TRANSMISSÃO)
1076;TREM DE FORÇA;CARDAN (INTERMEDIÁRIO)
1077;TREM DE FORÇA;CARDAN PRINCIPAL
1078;TREM DE FORÇA;CHICOTE (TRANSMISSÃO)
1079;TREM DE FORÇA;CILINDRO COMANDO SPLIT
1080;TREM DE FORÇA;COXIM (TRANSMISSÃO)
1081;TREM DE FORÇA;CRUZETA (CARDAN)
1082;TREM DE FORÇA;EMBREAGEM
1083;TREM DE FORÇA;FILTRO (DIFERENCIAL)
1084;TREM DE FORÇA;FILTRO (TRANSMISSÃO)
1085;TREM DE FORÇA;FLANGE (CARDAN)
1086;TREM DE FORÇA;GARFO (EMBREAGEM)
1087;TREM DE FORÇA;LUVA (CARDAN)
1088;TREM DE FORÇA;MANGUEIRA (SERVO)
1089;TREM DE FORÇA;MÓDULO ECM (TRANSMISSÃO)
1090;TREM DE FORÇA;MÓDULO GS
1091;TREM DE FORÇA;SERVO
1092;TREM DE FORÇA;SOLENÓIDE
1093;TREM DE FORÇA;TACOGRAFO
1094;TREM DE FORÇA;TELA MAGNÉTICA (TRANSMISSÃO)
1095;TREM DE FORÇA;DIFERENCIAL
1096;TREM DE FORÇA;SEMI EIXO (DIFERENCIAL)
1097;TREM DE FORÇA;BUJÃO (DIFERENCIAL/CUBOS)
1098;TREM DE FORÇA;BOJO (DIFERENCIAL)
1099;TREM DE FORÇA;FIXAÇÃO (DIFERENCIAL)
1100;TREM DE FORÇA;BLOQUEIO (DIFERENCIAL)
1101;TREM DE FORÇA;VISOR DE NÍVEL
12018;TREM DE FORÇA;TROCADOR DE CALOR (TRANSMISSÃO)
12027;TREM DE FORÇA;TUBO DE ÓLEO (TURBINA)
12033;TREM DE FORÇA;TUBO DA SERPENTINA
12034;TREM DE FORÇA;RETENTOR (FLANGE)
12043;TREM DE FORÇA;LIMPEZA DO RADIADOR
12045;TREM DE FORÇA;JUNTA (COLETOR)
12046;TREM DE FORÇA;MANGUEIRA (ARREFECIMENTO)
12048;TREM DE FORÇA;TESTE AJUSTE (TRANSMISSÃO)
12020;TREM DE FORÇA (MT);MANGUEIRA DE ÓLEO (TRANSMISSÃO)
12017;TREM DE FORÇA (OR);DRENO DE ÓLEO (RETARDER)
